iteration_id,closed_at,status,work_type,objective,bounded_scope,acceptance_result,decision,upstream_dependencies,output_root,summary_path,closeout_mode,closeout_identity,notes
iter001,2026-08-28T20:41:00-07:00,failed,implementation,Nine-site seed-resolved ELM SR diagnostic,"9 controls; 60 ctrlopt candidates; 9 SR observations; one preflight; no substantive job",fail,"Closed failed: first optimized pickle lacks case.output SR",pklfiles controls/ctrlopt plus standard coupling observations,/xdisk/chopinsong/tianyihu/E3SM_out/SOIL_project/diagnostic/elm_diagnose_iter001,development/ELM_diagnose/summaries/iter001,committed,pending,Preflight 23718019 FAILED 1:0; resource healthy; fresh approval required
iter002,2026-08-29T17:27:04-07:00,completed,implementation,Nine-site seed-resolved ELM SR diagnostic recovery,"9 ppe6 controls; 60 updated ctrlopt pickles; 9 SR observations; preflight plus revised substantive retry",pass,"Accepted descriptive package; no ranking or scientific selection conclusion",passing Iter002 preflight receipt plus standard coupling observations,/xdisk/chopinsong/tianyihu/E3SM_out/SOIL_project/diagnostic/elm_diagnose_iter002,development/ELM_diagnose/iterations/iter002.md,committed,pending,"Preflight 23723017 COMPLETED; first substantive 23723072 Matplotlib API failure; reviewed retry 23723308 COMPLETED 0:0 with 45 PNGs and 69 metrics rows"
iter003,2026-08-30T14:18:14-07:00,completed,implementation,Generalized nine-site SR diagnostic,"direct YAML; 9 controls; 60 optimized series; 9 observations; vectorized retry two",pass,"Accepted descriptive package; no ranking or scientific conclusion",direct iter003 YAML plus nine observations,/xdisk/chopinsong/tianyihu/E3SM_out/SOIL_project/diagnostic/elm_diagnose_iter003/results_retry2,development/ELM_diagnose/iterations/iter003.md,committed,pending,"23725468 TIMEOUT; 23728964 user-cancelled; 23729042 COMPLETED 0:0 with 45 PNGs, 69 series rows, 960 member rows"
iter004,2026-09-08T13:55:00-07:00,completed,implementation,Rank ABBY range-wide OAT responses for 13 carbon targets across 14 separately perturbed parameters.,"14 exact historical pickles; 1,400 members; 2018-2024 hourly means and population standard deviations; descriptive OAT only.",pass,"Accepted range-conditional descriptive OAT package; no global sensitivity, interaction, causal, tuning, or parameter-value claim.",exact 14-pickle input manifest 7c92ea9e plus control parameter NetCDF,/xdisk/chopinsong/tianyihu/E3SM_out/SOIL_project/diagnostic/elm_diagnose_iter004_abby_oat/results,development/ELM_diagnose/summaries/iter004,committed,pending,"Preflight 23830156 and diagnostic 23830259 COMPLETED 0:0 on attempt one; 35 PNGs; 1,400 member rows; 364 score rows; output manifest 9d4308d0"
iter005,2026-09-09T12:37:48-07:00,completed,implementation,"Extend the reusable ABBY OAT diagnostic with explicit targets, SR observation context, decomposition pathways, and litter-flux stoichiometry.","14 exact historical pickles; 1,400 members; 13 standard targets; one SR observation; seven compensation mappings; eight-pool potential/N/P-limited HR; four litter ratios; descriptive OAT only.",pass,"Accepted validated range-conditional descriptive OAT and pathway/stoichiometry package; no global sensitivity, interaction, causal, optimization, tuning, or parameter-value claim.","exact 14-pickle input manifest 7581cafa plus control parameter NetCDF and SR observation",/xdisk/chopinsong/tianyihu/E3SM_out/SOIL_project/diagnostic/elm_diagnose_iter005_abby_oat_extended/results,development/ELM_diagnose/summaries/iter005,committed,pending,"Preflight 23834413 and diagnostic 23834468 COMPLETED 0:0; 44 PNGs; 3,520,119 data rows; output manifest 99d3f377"
iter006,2026-09-11T16:03:29-07:00,completed,implementation,"Apply the complete Iter005 extended OAT diagnostic to the 14 corresponding JERC one-parameter ensembles with explicit site-generalized tooling.","14 exact JERC pickles; 1,400 members; 13 standard targets; one SR observation; seven compensation mappings; eight-pool potential/N/P-limited HR; four litter ratios; descriptive OAT only.",pass,"Accepted validated JERC range-conditional descriptive OAT and pathway/stoichiometry package under the explicit-gap support contract; no global sensitivity, interaction, causal, optimization, tuning, parameter-value, or cross-site claim.","exact 14-pickle input manifest b10901c1 plus control parameter NetCDF and JERC SR observation",/xdisk/chopinsong/tianyihu/E3SM_out/SOIL_project/diagnostic/elm_diagnose_iter006_jerc_oat_extended/results,development/ELM_diagnose/summaries/iter006,committed,pending,"Preflight 23856771 and diagnostic 23861155 COMPLETED 0:0; 44 PNGs; 3,520,119 data rows; output manifest 256cc1e1; 1,363 supported and 37 rejected members per litter ratio"
iter007,2026-09-15T19:19:52-07:00,completed,implementation,"Apply the complete Iter005/Iter006 extended OAT diagnostic to 13 ABBY vertical-soil-carbon one-parameter ensembles with explicit dynamic parameter mapping.","13 exact ABBY vertical-soil-carbon pickles; 1,300 members; 13 standard targets; one SR observation; seven compensation mappings; eight-pool potential/N/P-limited HR; four litter ratios; descriptive OAT only.",pass,"Accepted validated standalone ABBY vertical-soil-carbon range-conditional descriptive OAT and pathway/stoichiometry package; no PAWN/Sobol/global sensitivity, interaction, causal, optimization, tuning, parameter-value, cross-configuration, or cross-site claim.","exact 13-pickle input manifest bf459ada plus control parameter NetCDF and ABBY SR observation",/xdisk/chopinsong/tianyihu/E3SM_out/SOIL_project/diagnostic/elm_diagnose_iter007_abby_ctrlvertc_oat_extended/results,development/ELM_diagnose/summaries/iter007,committed,pending,"Preflight 23882524 and diagnostic 23882574 COMPLETED 0:0; 44 PNGs; 3,268,682 data rows; output manifest 61a85ab5; all 1,300 members supported for every litter ratio"
iter008,2026-09-25T21:19:10-07:00,completed,implementation,"Characterize how separate perturbations of cn_s1--cn_s4 affect realized decomposition, microbial N/P demand satisfaction, plant N/P demand satisfaction, ecosystem carbon fluxes, and mineral nutrient cycling in the ABBY vertical-soil-carbon configuration.","four exact ABBY vertical-soil-carbon C:N pickles; 400 members; 27 direct raw metrics; four accumulated satisfaction ratios; 58 response endpoints; 27,555 CSV rows; 11 figures; descriptive OAT only.",pass,"Accepted the validated baseline-conditioned ABBY C:N OAT package. Increasing pool C:N reduces potential microbial nutrient demand and improves microbial demand satisfaction, especially for cn_s3 and cn_s4, but does not broadly relieve plant demand or guarantee higher realized decomposition.","exact four-pickle input manifest 2c90f754 plus four configs, four parameter files, and control parameter NetCDF",/xdisk/chopinsong/tianyihu/E3SM_out/SOIL_project/diagnostic/elm_diagnose_iter008_abby_ctrlvertc_cn_oat/results,development/ELM_diagnose/summaries/iter008,committed,pending,"Preflight 24015245 and diagnostic 24015300 COMPLETED 0:0 on attempt one; 11 PNGs; 27,555 CSV data rows; output manifest 9d5c8b07; all 1,600 ratios supported"
iter009,2026-09-26T19:01:08-07:00,completed,implementation,"Amend the Iter008 N/P-stress diagnostic by separating mean and temporal-variability figures, restoring observed SR context, and adding pool-C and realized pool-HR-per-C responses.","four exact ABBY vertical-soil-carbon C:N pickles; 400 members; 47 metrics; 74 response endpoints per parameter; 37,812 CSV rows; 17 figures; baseline-conditioned descriptive OAT only.",pass,"Accepted the validated amendment. Pool stocks and realized respiration per pool C can respond differently to the separate C:N perturbations; the evidence remains conditional on the declared baseline-conditioned OAT ranges.","exact four-pickle input manifest bb283659 plus four configs, four parameter files, control parameter NetCDF, and ABBY SR observation",/xdisk/chopinsong/tianyihu/E3SM_out/SOIL_project/diagnostic/elm_diagnose_iter009_abby_ctrlvertc_cn_pool_context/results,development/ELM_diagnose/summaries/iter009,committed,pending,"Preflight 24019322 and diagnostic 24019366 COMPLETED 0:0 on attempt one; 17 PNGs; 37,812 CSV data rows; output manifest afa885d5; all 4,800 ratios supported"
iter010,2026-09-27T19:45:24-07:00,completed,implementation,"Evaluate direct-HR carbon balance across four ABBY C:N OAT ensembles.","four exact pickles; 400 members; direct LITFALL and HR; eight-pool storage change; partial boundary; 39,542 CSV rows; 21 figures",pass,"Accepted the technically valid partial-boundary diagnostic; HR tracks input response contrasts, but roughly 9% absolute nonclosure precludes a carbon-input-constraint or equilibrium conclusion.","exact four pickles and dependencies plus byte-validated Iter009 core",/xdisk/chopinsong/tianyihu/E3SM_out/SOIL_project/diagnostic/elm_diagnose_iter010_abby_ctrlvertc_cn_carbon_balance/results,development/ELM_diagnose/summaries/iter010,committed,pending,"Jobs 24025653 and 24025871 COMPLETED 0:0; 39,542 CSV rows; 21 PNGs; output manifest 80afe70b"
iter011,2026-10-05T03:39:07-07:00,completed,implementation,"Rank ABBY transient carbon responses, final spinup decomposer C/N/P states, and idealized decomposition pathways across 21 separate OAT ensembles.","21 exact pickles/configs/parameter files/restart cases; 2,100 members; five transient means; three spinup totals; three pathways; 80,200 CSV rows; 11 figures; descriptive OAT only",pass,"Accepted the validated baseline-conditioned sampled-range OAT package; constructed pathways remain distinct from direct HR and support no global-sensitivity or causal claim.","exact v5 input manifest 7f528763 plus 21 mapped transient/restart ensembles, control parameter NetCDF, and ABBY SR observation",/xdisk/chopinsong/tianyihu/E3SM_out/SOIL_project/diagnostic/elm_diagnose_iter011_abby_ctrlvertc_oat_spinup/results,development/ELM_diagnose/summaries/iter011,committed,pending,"Jobs 24101686 FAILED launch import; 24102996 COMPLETED corrected preflight; 24103048 generated complete staging then FAILED original validator; 24103109 COMPLETED validator-only publication; 80,200 rows; 11 PNGs; output manifest 0e13dfa6"
iter012,2026-10-07T16:05:59-07:00,completed,implementation,"Extend the ABBY transient/spinup OAT package with six respiration-fraction ensembles.","27 exact pickles/configs/parameter files/restart cases; 2,700 members; five transient means; three spinup totals; three pathways; 103,114 CSV rows; 11 figures; descriptive OAT only",pass,"Accepted the validated baseline-conditioned sampled-range OAT extension; low-range rf_s2s3 behavior is descriptive nonlinearity, and constructed pathways support no causal nutrient-limitation claim.","exact v5 input manifest 2d041f0d plus 27 mapped transient/restart ensembles, control parameter NetCDF, and ABBY SR observation",/xdisk/chopinsong/tianyihu/E3SM_out/SOIL_project/diagnostic/elm_diagnose_iter012_abby_ctrlvertc_oat_spinup/results,development/ELM_diagnose/summaries/iter012,committed,pending,"Jobs 24137742 24137829 24137929 24149109 and 24149371 COMPLETED 0:0; right-sized to four CPUs/20 GB; 103,114 rows; 11 PNGs; output manifest a24daac2"
