site,seed,resolution,de_scale,leaf,mean_acceptance,saturation,min_steps_per_tau,max_tau_change,abs_resid_lag24,sigma_upper_edge,raw_chain_sha256,max_cross_seed_width_fraction
ABBY,9009,hourly,0.50,leaf_01_abby_seed9009,0.36738671874999995,0.531140625,14.08567019227121,0.08898531178566296,0.9721854370042898,0.004340277777777778,7deffe23d23b1a73a2d3700737dab8ac4314c7f5d655f2fac15a6e37b657c68f,0.0006091476428704864
ABBY,9010,hourly,0.50,leaf_02_abby_seed9010,0.37384375,0.538537109375,18.207209762810752,0.05228296718636288,0.9721899345603139,0.004807692307692308,a2b3f6ace7b99c7c21efb876c5dffd5f4fdece8efa39508b52c2d9229c4ce192,0.0006091476428704864
ABBY,9011,hourly,0.50,leaf_03_abby_seed9011,0.371318359375,0.540259765625,17.13724003750013,0.06063746812345821,0.9721827450847517,0.004375,a11a77ee80342c8f3b66342ad5532dab244cb517085c65dfb2cfe7a485615823,0.0006091476428704864
JERC,9009,hourly,0.50,leaf_04_jerc_seed9009,0.502189453125,0.0,49.797972356896125,0.1102962121538107,0.9180644668169348,0.0,fe1b42a58e857d85074c2d2a3886e682ee7bd3c9ec5f8299c2b80cc91093d3d5,0.002705480491607817
JERC,9010,hourly,0.50,leaf_05_jerc_seed9010,0.5027480468750001,0.0,52.13282365056159,0.12919536353032665,0.9180670452271992,0.0,8538eab21b4b8053a718e37bcb63676ea889daa140724b5ba540961b24b60e75,0.002705480491607817
JERC,9011,hourly,0.50,leaf_06_jerc_seed9011,0.49358203125,0.0,44.07668619955016,0.19221702558249087,0.9180513538555146,0.0,aa639ee68fd9a23b927700d5c9eba6d73528dc0909d859f8be4cafc90bc1f80d,0.002705480491607817
ABBY,9009,hourly,0.75,leaf_01_abby_seed9009,0.23586523437499998,0.547880859375,21.056258502199952,0.08374481483845908,0.9722032911381465,0.010080645161290322,683c7472c176d9d68847e1bda79a3dc56a2cfa6841b151b1b9cd903f9f20150f,0.0004278469755635138
ABBY,9010,hourly,0.75,leaf_02_abby_seed9010,0.232580078125,0.542767578125,21.62575822326644,0.04045014066186033,0.9721823725509828,0.008272058823529412,5112d8f2c9492f2769901a2a8e02031cc511600d4bd3957f27e44d13d9d18312,0.0004278469755635138
ABBY,9011,hourly,0.75,leaf_03_abby_seed9011,0.23146484375,0.55291015625,18.254569376356354,0.05537806180486597,0.9721873240815547,0.008101851851851851,3f13345d43f33b11e81cc75eff6077cd32167f7eaffe08a3ae032997660fc9a0,0.0004278469755635138
JERC,9009,hourly,0.75,leaf_04_jerc_seed9009,0.36092578124999997,0.0,63.00969717374723,0.10310632793802606,0.9180730035821635,0.0,f971e832a877da89e2a659bf1b131b7a13e0a8036b915c192f20195cca09a5ef,0.0041011691422516245
JERC,9010,hourly,0.75,leaf_05_jerc_seed9010,0.34897265624999996,0.0,56.91107929614584,0.08836773579952632,0.9182208550265545,0.0,ec50e9bc189671aea6305cd18610485e2145908dd2f5d9562bbcb654ec76a9d8,0.0041011691422516245
JERC,9011,hourly,0.75,leaf_06_jerc_seed9011,0.343916015625,0.0,64.06979495673554,0.08139766001589271,0.9180950816028348,0.0,db273024e66eb96329504e6eb60bfac9900ea2917173760d2f884fdfe4519409,0.0041011691422516245
ABBY,9009,hourly,1.00,leaf_01_abby_seed9009,0.147962890625,0.5534609375,20.70732284834346,0.07408421650817698,0.9721880983308993,0.0068359375,a75eb73093c5fd027239847cc115718a895d6f915515cdd132c19da37e12c517,0.0007133336315814273
ABBY,9010,hourly,1.00,leaf_02_abby_seed9010,0.145837890625,0.55049609375,21.085880068022632,0.039030170630683064,0.9721881955436527,0.004261363636363636,e67fb9c902379bd1e6fc52e2c91d96b01edba36c88bce94e68afbfc88748d370,0.0007133336315814273
ABBY,9011,hourly,1.00,leaf_03_abby_seed9011,0.14707421875,0.54052734375,25.079311479441007,0.04767390529137434,0.9721848632330811,0.005078125,5021b06a38c551cb07a3cda18cc8fcddf9900a4f14a1adb0208ee3a90a48e5d1,0.0007133336315814273
JERC,9009,hourly,1.00,leaf_04_jerc_seed9009,0.25086523437499997,0.0,72.09840217631992,0.08932150404787445,0.9180635102998536,0.0,e5c23a216c9bd9f85191f7d48c3ba69642737632f0b1c3d13045976169886b04,0.0026026790476538788
JERC,9010,hourly,1.00,leaf_05_jerc_seed9010,0.24547265624999998,0.0,53.24846589070659,0.0722360422467179,0.91826129071206,0.0,fe9249022c93c03200a662e7707e10f1e9d15ae3aa3a5cb9ba31bbd992192c07,0.0026026790476538788
JERC,9011,hourly,1.00,leaf_06_jerc_seed9011,0.249419921875,0.0,58.127219274973974,0.11080635688153816,0.9182294093471564,0.0,16e052cdba5129ae1544b41a9809975eb9cc44b5cbf0db9fcc9c6ecf56341e29,0.0026026790476538788
ABBY,9009,daily,0.50,leaf_01_abby_seed9009,0.37878710937500004,0.014267578125,24.806114111747927,0.04741488339798009,0.9722300971309079,0.0,55dbd58fe0e31a74092d3188a7ce46d1586728af61b0c28104a451ffc5e3a1c7,0.0056516086776083494
ABBY,9010,daily,0.50,leaf_02_abby_seed9010,0.3723828125,0.014337890625,22.251765630537232,0.12070776175939364,0.9721910400772651,0.0,282816e6c202db8a7988d11f9eac6d8e0119178c96907acbd80223f0c1168c4a,0.0056516086776083494
ABBY,9011,daily,0.50,leaf_03_abby_seed9011,0.375314453125,0.021662109375,26.039799093800738,0.05355985451688875,0.9722076843457677,0.0,0de9cb3f494962976ae2ff5b42d35ea36fe0660283b5d0475948fecaafcae995,0.0056516086776083494
JERC,9009,daily,0.50,leaf_04_jerc_seed9009,0.07989062499999999,0.0,8.367511040153252,0.3430416202054371,0.9204337480444198,0.0,95c338c6a08fd455820222c15b8e16721be5af42fa6fe26af38d35eae8feb682,0.039002588483110806
JERC,9010,daily,0.50,leaf_05_jerc_seed9010,0.08382421875000001,0.0,8.109758958015432,0.3768445215473027,0.9195796992856514,0.0,486b534ba35aedf990aec07c085eeb7152b42db8fdb55286afe83cd99a41cf6f,0.039002588483110806
JERC,9011,daily,0.50,leaf_06_jerc_seed9011,0.08375390625,0.0,8.503805192150882,0.3727324046974322,0.9185308042590902,0.0,36996007478bd742c4781cde584b98bdb65319dcff3883f231d576672fc71a26,0.039002588483110806
ABBY,9009,daily,0.75,leaf_01_abby_seed9009,0.23619531249999998,0.0208359375,33.09528513610297,0.06404302253257073,0.9722086436049153,0.0,e6acaf25889bffcc09b1d9a0769d667137e582e08c9c5f93c713cff40d2c31f4,0.0022312178898777125
ABBY,9010,daily,0.75,leaf_02_abby_seed9010,0.2377578125,0.013359375,44.8324166198922,0.05508208589974582,0.9721839878544,0.0,6844b7dbd24a7d97ca9be2ae5648352bcd9917bc75f30cd42e753953eed00281,0.0022312178898777125
ABBY,9011,daily,0.75,leaf_03_abby_seed9011,0.23670703124999998,0.012908203125,31.786104667794003,0.08561641035457102,0.9721901279132226,0.00029481132075471697,0a6ef48e79b67c04eeec1786cb92b72d13cd03219e1696abb11c6aa1f3f3e59a,0.0022312178898777125
JERC,9009,daily,0.75,leaf_04_jerc_seed9009,0.0431484375,0.0,8.131525706142945,0.36038294165352175,0.9179610938064023,0.0,59ea2a27e80b6d060fee89c4faec8554149d714feeaef518fb04b439d968f724,0.06519828829840975
JERC,9010,daily,0.75,leaf_05_jerc_seed9010,0.0348359375,0.0,7.924154369844333,0.47461121665351336,0.9197882690569301,0.0,b518b26231dd0fcb7925f3e1f117b270d576929b0da5242875627eece2ed6b28,0.06519828829840975
JERC,9011,daily,0.75,leaf_06_jerc_seed9011,0.041654296875,0.0,7.92781939884071,0.370041330743994,0.918643949209247,0.0,75f9c8194a57331ab86732dac66a69ccdba76d9fb8d9f4775aa03a0eb4391fef,0.06519828829840975
ABBY,9009,daily,1.00,leaf_01_abby_seed9009,0.1483671875,0.01674609375,39.87032501137889,0.061864636665290046,0.9722051404521174,0.0004734848484848485,c594e392cd909b18d2c97aa1c96be9be62382dc15b7f30cbae0cc2cffe0b1b56,0.0021687861977133242
ABBY,9010,daily,1.00,leaf_02_abby_seed9010,0.14934765625000002,0.01718359375,43.69900013292299,0.055728957718402736,0.9721869433913245,0.0,5fd5b62a48396f92b9345654b2701d5c38dbecaf64ab87c08b11dee4aaba8762,0.0021687861977133242
ABBY,9011,daily,1.00,leaf_03_abby_seed9011,0.145603515625,0.018728515625,39.57335956869218,0.08633316578619445,0.9721719581313806,0.0,d21c947d3abcdfee39c39854a4473db9201c4e03308f8098dd9c4af576bd4b43,0.0021687861977133242
JERC,9009,daily,1.00,leaf_04_jerc_seed9009,0.02408984375,0.0,8.189645205613903,0.5605984048086577,0.920344549515263,0.0,80528d03ebd3571712b84fd064f926c072025304ffc91ea8fb7d91489ad388cb,0.05620105723608739
JERC,9010,daily,1.00,leaf_05_jerc_seed9010,0.02718359375,0.0,8.433505864846511,0.36372483045149995,0.9181466723809036,0.0,bbf3b76cdfcfd82638d65a8d5ee5337d95f7dd66a05158e19aaa10abfacc9f70,0.05620105723608739
JERC,9011,daily,1.00,leaf_06_jerc_seed9011,0.02912890625,0.0,8.32157037223126,0.34870600778448824,0.9169595988451521,0.0,2b0f0f8b7920115f8fa1e46ff929a1ab265447a05646cf09fba9128db6f4fb44,0.05620105723608739
