site,resolution,de_move_scale,report_status,descriptive_status,tier_a_count,tier_a_seeds,discovered_seeds,nc_exports
ABBY,daily,0.50,pass,all_tier_a,9,9009;9010;9011;9012;9013;9014;9015;9016;9017,9009;9010;9011;9012;9013;9014;9015;9016;9017,9
SOAP,daily,0.50,pass,all_tier_a,9,9009;9010;9011;9012;9013;9014;9015;9016;9017,9009;9010;9011;9012;9013;9014;9015;9016;9017,9
YELL,daily,0.50,pass,all_tier_a,9,9009;9010;9011;9012;9013;9014;9015;9016;9017,9009;9010;9011;9012;9013;9014;9015;9016;9017,9
WREF,daily,0.50,pass,all_tier_a,9,9009;9010;9011;9012;9013;9014;9015;9016;9017,9009;9010;9011;9012;9013;9014;9015;9016;9017,9
JERC,hourly,0.75,pass,partial_tier_a,1,9017,9009;9010;9011;9012;9013;9014;9015;9016;9017,9
OSBS,hourly,0.75,pass,partial_tier_a,4,9009;9010;9013;9017,9009;9010;9011;9012;9013;9014;9015;9016;9017,9
RMNP,hourly,0.75,pass,partial_tier_a,8,9009;9010;9011;9012;9013;9015;9016;9017,9009;9010;9011;9012;9013;9014;9015;9016;9017,9
TALL,hourly,0.75,pass,all_tier_a,9,9009;9010;9011;9012;9013;9014;9015;9016;9017,9009;9010;9011;9012;9013;9014;9015;9016;9017,9
TEAK,hourly,0.75,pass,partial_tier_a,2,9009;9016,9009;9010;9011;9012;9013;9014;9015;9016;9017,9
